id,school_code,name,type,region,source
u-mext-F101110100010,F101110100010,北海道大学,national,北海道,mext
u-mext-F101110100029,F101110100029,北海道教育大学,national,北海道,mext
u-mext-F101110100038,F101110100038,室蘭工業大学,national,北海道,mext
u-mext-F101110100047,F101110100047,小樽商科大学,national,北海道,mext
u-mext-F101110100056,F101110100056,帯広畜産大学,national,北海道,mext
u-mext-F101110100065,F101110100065,北見工業大学,national,北海道,mext
u-mext-F101110100074,F101110100074,旭川医科大学,national,北海道,mext
u-mext-F101210100081,F101210100081,札幌医科大学,public,北海道,mext
u-mext-F101210100090,F101210100090,公立はこだて未来大学,public,北海道,mext
u-mext-F101210100107,F101210100107,釧路公立大学,public,北海道,mext
u-mext-F101210100116,F101210100116,名寄市立大学,public,北海道,mext
u-mext-F101210100125,F101210100125,札幌市立大学,public,北海道,mext
u-mext-F101210100134,F101210100134,公立千歳科学技術大学,public,北海道,mext
u-mext-F101210100143,F101210100143,旭川市立大学,public,北海道,mext
u-mext-F101310100141,F101310100141,札幌大学,private,北海道,mext
u-mext-F101310100150,F101310100150,札幌学院大学,private,北海道,mext
u-mext-F101310100169,F101310100169,函館大学,private,北海道,mext
u-mext-F101310100178,F101310100178,藤女子大学,private,北海道,mext
u-mext-F101310100187,F101310100187,北星学園大学,private,北海道,mext
u-mext-F101310100196,F101310100196,北海学園大学,private,北海道,mext
u-mext-F101310100203,F101310100203,北海道科学大学,private,北海道,mext
u-mext-F101310100212,F101310100212,酪農学園大学,private,北海道,mext
u-mext-F101310100230,F101310100230,北海道医療大学,private,北海道,mext
u-mext-F101310100249,F101310100249,北海商科大学,private,北海道,mext
u-mext-F101310100258,F101310100258,星槎道都大学,private,北海道,mext
u-mext-F101310100267,F101310100267,北海道情報大学,private,北海道,mext
u-mext-F101310100276,F101310100276,札幌国際大学,private,北海道,mext
u-mext-F101310100285,F101310100285,北翔大学,private,北海道,mext
u-mext-F101310100294,F101310100294,北洋大学,private,北海道,mext
u-mext-F101310100301,F101310100301,日本赤十字北海道看護大学,private,北海道,mext
u-mext-F101310100310,F101310100310,北海道文教大学,private,北海道,mext
u-mext-F101310100329,F101310100329,天使大学,private,北海道,mext
u-mext-F101310100338,F101310100338,育英館大学,private,北海道,mext
u-mext-F101310100347,F101310100347,札幌大谷大学,private,北海道,mext
u-mext-F101310100356,F101310100356,札幌保健医療大学,private,北海道,mext
u-mext-F101310100365,F101310100365,日本医療大学,private,北海道,mext
u-mext-F101310100374,F101310100374,北海道千歳リハビリテーション大学,private,北海道,mext
u-mext-F101310100383,F101310100383,北海道武蔵女子大学,private,北海道,mext
u-mext-F102110100572,F102110100572,弘前大学,national,東北,mext
u-mext-F102210100589,F102210100589,青森公立大学,public,東北,mext
u-mext-F102210100598,F102210100598,青森県立保健大学,public,東北,mext
u-mext-F102310100603,F102310100603,青森大学,private,東北,mext
u-mext-F102310100612,F102310100612,柴田学園大学,private,東北,mext
u-mext-F102310100621,F102310100621,弘前学院大学,private,東北,mext
u-mext-F102310100630,F102310100630,八戸工業大学,private,東北,mext
u-mext-F102310100649,F102310100649,八戸学院大学,private,東北,mext
u-mext-F102310100658,F102310100658,青森中央学院大学,private,東北,mext
u-mext-F102310100667,F102310100667,弘前医療福祉大学,private,東北,mext
u-mext-F103110100731,F103110100731,岩手大学,national,東北,mext
u-mext-F103210100748,F103210100748,岩手県立大学,public,東北,mext
u-mext-F103310100755,F103310100755,岩手医科大学,private,東北,mext
u-mext-F103310100764,F103310100764,富士大学,private,東北,mext
u-mext-F103310100773,F103310100773,盛岡大学,private,東北,mext
u-mext-F103310100782,F103310100782,岩手保健医療大学,private,東北,mext
u-mext-F104110100856,F104110100856,東北大学,national,東北,mext
u-mext-F104110100865,F104110100865,宮城教育大学,national,東北,mext
u-mext-F104210100872,F104210100872,宮城大学,public,東北,mext
u-mext-F104310100889,F104310100889,仙台大学,private,東北,mext
u-mext-F104310100898,F104310100898,東北学院大学,private,東北,mext
u-mext-F104310100905,F104310100905,東北工業大学,private,東北,mext
u-mext-F104310100914,F104310100914,東北福祉大学,private,東北,mext
u-mext-F104310100923,F104310100923,東北医科薬科大学,private,東北,mext
u-mext-F104310100932,F104310100932,東北生活文化大学,private,東北,mext
u-mext-F104310100941,F104310100941,宮城学院女子大学,private,東北,mext
u-mext-F104310100950,F104310100950,石巻専修大学,private,東北,mext
u-mext-F104310100969,F104310100969,仙台白百合女子大学,private,東北,mext
u-mext-F104310100978,F104310100978,東北文化学園大学,private,東北,mext
u-mext-F104310100987,F104310100987,尚絅学院大学,private,東北,mext
u-mext-F104310100996,F104310100996,仙台青葉学院大学,private,東北,mext
u-mext-F105110101051,F105110101051,秋田大学,national,東北,mext
u-mext-F105210101068,F105210101068,秋田県立大学,public,東北,mext
u-mext-F105210101077,F105210101077,国際教養大学,public,東北,mext
u-mext-F105210101086,F105210101086,秋田公立美術大学,public,東北,mext
u-mext-F105310101093,F105310101093,ノースアジア大学,private,東北,mext
u-mext-F105310101100,F105310101100,秋田看護福祉大学,private,東北,mext
u-mext-F105310101119,F105310101119,日本赤十字東北看護大学,private,東北,mext
u-mext-F106110101176,F106110101176,山形大学,national,東北,mext
u-mext-F106210101183,F106210101183,山形県立保健医療大学,public,東北,mext
u-mext-F106210101192,F106210101192,山形県立米沢栄養大学,public,東北,mext
u-mext-F106210101209,F106210101209,東北農林専門職大学,public,東北,mext
u-mext-F106310101207,F106310101207,東北芸術工科大学,private,東北,mext
u-mext-F106310101216,F106310101216,東北公益文科大学,private,東北,mext
u-mext-F106310101225,F106310101225,東北文教大学,private,東北,mext
u-mext-F106310101234,F106310101234,電動モビリティシステム専門職大学,private,東北,mext
u-mext-F107110101273,F107110101273,福島大学,national,東北,mext
u-mext-F107210101280,F107210101280,福島県立医科大学,public,東北,mext
u-mext-F107210101299,F107210101299,会津大学,public,東北,mext
u-mext-F107310101304,F107310101304,郡山女子大学,private,東北,mext
u-mext-F107310101313,F107310101313,奥羽大学,private,東北,mext
u-mext-F107310101322,F107310101322,医療創生大学,private,東北,mext
u-mext-F107310101331,F107310101331,東日本国際大学,private,東北,mext
u-mext-F107310101340,F107310101340,福島学院大学,private,東北,mext
u-mext-F108110101414,F108110101414,茨城大学,national,関東,mext
u-mext-F108110101423,F108110101423,筑波大学,national,関東,mext
u-mext-F108110101432,F108110101432,筑波技術大学,national,関東,mext
u-mext-F108210101449,F108210101449,茨城県立医療大学,public,関東,mext
u-mext-F108310101456,F108310101456,茨城キリスト教大学,private,関東,mext
u-mext-F108310101465,F108310101465,流通経済大学,private,関東,mext
u-mext-F108310101474,F108310101474,常磐大学,private,関東,mext
u-mext-F108310101483,F108310101483,つくば国際大学,private,関東,mext
u-mext-F108310101492,F108310101492,日本国際学園大学,private,関東,mext
u-mext-F108310101508,F108310101508,日本ウェルネススポーツ大学,private,関東,mext
u-mext-F108310111971,F108310111971,アール医療専門職大学,private,関東,mext
u-mext-F109110101556,F109110101556,宇都宮大学,national,関東,mext
u-mext-F109310101561,F109310101561,足利大学,private,関東,mext
u-mext-F109310101570,F109310101570,白鴎大学,private,関東,mext
u-mext-F109310101589,F109310101589,作新学院大学,private,関東,mext
u-mext-F109310101598,F109310101598,国際医療福祉大学,private,関東,mext
u-mext-F109310101605,F109310101605,宇都宮共和大学,private,関東,mext
u-mext-F109310101614,F109310101614,文星芸術大学,private,関東,mext
u-mext-F109310101623,F109310101623,自治医科大学,private,関東,mext
u-mext-F109310101632,F109310101632,獨協医科大学,private,関東,mext
u-mext-F110110101713,F110110101713,群馬大学,national,関東,mext
u-mext-F110210101720,F110210101720,高崎経済大学,public,関東,mext
u-mext-F110210101739,F110210101739,前橋工科大学,public,関東,mext
u-mext-F110210101748,F110210101748,群馬県立女子大学,public,関東,mext
u-mext-F110210101757,F110210101757,群馬県立県民健康科学大学,public,関東,mext
u-mext-F110310101764,F110310101764,育英大学,private,関東,mext
u-mext-F110310101773,F110310101773,桐生大学,private,関東,mext
u-mext-F110310101782,F110310101782,群馬パース大学,private,関東,mext
u-mext-F110310101791,F110310101791,群馬医療福祉大学,private,関東,mext
u-mext-F110310101808,F110310101808,高崎健康福祉大学,private,関東,mext
u-mext-F110310101817,F110310101817,高崎商科大学,private,関東,mext
u-mext-F110310101826,F110310101826,上武大学,private,関東,mext
u-mext-F110310101835,F110310101835,関東学園大学,private,関東,mext
u-mext-F110310101844,F110310101844,共愛学園前橋国際大学,private,関東,mext
u-mext-F110310102843,F110310102843,東京福祉大学,private,関東,mext
u-mext-F111110101945,F111110101945,埼玉大学,national,関東,mext
u-mext-F111210101952,F111210101952,埼玉県立大学,public,関東,mext
u-mext-F111310101969,F111310101969,日本医療科学大学,private,関東,mext
u-mext-F111310101978,F111310101978,日本薬科大学,private,関東,mext
u-mext-F111310101987,F111310101987,武蔵野学院大学,private,関東,mext
u-mext-F111310101996,F111310101996,浦和大学,private,関東,mext
u-mext-F111310102003,F111310102003,ものつくり大学,private,関東,mext
u-mext-F111310102012,F111310102012,共栄大学,private,関東,mext
u-mext-F111310102021,F111310102021,埼玉学園大学,private,関東,mext
u-mext-F111310102030,F111310102030,尚美学園大学,private,関東,mext
u-mext-F111310102049,F111310102049,人間総合科学大学,private,関東,mext
u-mext-F111310102058,F111310102058,西武文理大学,private,関東,mext
u-mext-F111310102067,F111310102067,十文字学園女子大学,private,関東,mext
u-mext-F111310102076,F111310102076,平成国際大学,private,関東,mext
u-mext-F111310102094,F111310102094,城西大学,private,関東,mext
u-mext-F111310102101,F111310102101,東邦音楽大学,private,関東,mext
u-mext-F111310102110,F111310102110,獨協大学,private,関東,mext
u-mext-F111310102129,F111310102129,日本工業大学,private,関東,mext
u-mext-F111310102138,F111310102138,明海大学,private,関東,mext
u-mext-F111310102147,F111310102147,埼玉医科大学,private,関東,mext
u-mext-F111310102156,F111310102156,埼玉工業大学,private,関東,mext
u-mext-F111310102165,F111310102165,駿河台大学,private,関東,mext
u-mext-F111310102174,F111310102174,聖学院大学,private,関東,mext
u-mext-F111310102183,F111310102183,女子栄養大学,private,関東,mext
u-mext-F111310102192,F111310102192,東都大学,private,関東,mext
u-mext-F111310102209,F111310102209,日本保健医療大学,private,関東,mext
u-mext-F111310102860,F111310102860,文教大学,private,関東,mext
u-mext-F111310112047,F111310112047,教育テック大学院大学,private,関東,mext
u-mext-F112110102337,F112110102337,千葉大学,national,関東,mext
u-mext-F112210102353,F112210102353,千葉県立保健医療大学,public,関東,mext
u-mext-F112310102342,F112310102342,放送大学,private,関東,mext
u-mext-F112310102360,F112310102360,千葉科学大学,private,関東,mext
u-mext-F112310102379,F112310102379,愛国学園大学,private,関東,mext
u-mext-F112310102388,F112310102388,開智国際大学,private,関東,mext
u-mext-F112310102397,F112310102397,清和大学,private,関東,mext
u-mext-F112310102404,F112310102404,城西国際大学,private,関東,mext
u-mext-F112310102413,F112310102413,淑徳大学,private,関東,mext
u-mext-F112310102422,F112310102422,敬愛大学,private,関東,mext
u-mext-F112310102431,F112310102431,千葉工業大学,private,関東,mext
u-mext-F112310102440,F112310102440,千葉商科大学,private,関東,mext
u-mext-F112310102459,F112310102459,中央学院大学,private,関東,mext
u-mext-F112310102468,F112310102468,麗澤大学,private,関東,mext
u-mext-F112310102477,F112310102477,和洋女子大学,private,関東,mext
u-mext-F112310102486,F112310102486,国際武道大学,private,関東,mext
u-mext-F112310102495,F112310102495,神田外語大学,private,関東,mext
u-mext-F112310102501,F112310102501,千葉経済大学,private,関東,mext
u-mext-F112310102510,F112310102510,秀明大学,private,関東,mext
u-mext-F112310102529,F112310102529,川村学園女子大学,private,関東,mext
u-mext-F112310102538,F112310102538,東京情報大学,private,関東,mext
u-mext-F112310102547,F112310102547,東京基督教大学,private,関東,mext
u-mext-F112310102556,F112310102556,聖徳大学,private,関東,mext
u-mext-F112310102565,F112310102565,江戸川大学,private,関東,mext
u-mext-F112310102574,F112310102574,ＳＢＣ東京医療大学,private,関東,mext
u-mext-F112310102583,F112310102583,植草学園大学,private,関東,mext
u-mext-F112310102592,F112310102592,三育学院大学,private,関東,mext
u-mext-F112310102609,F112310102609,亀田医療大学,private,関東,mext
u-mext-F113110102700,F113110102700,東京大学,national,関東,mext
u-mext-F113110102728,F113110102728,東京外国語大学,national,関東,mext
u-mext-F113110102737,F113110102737,東京芸術大学,national,関東,mext
u-mext-F113110102755,F113110102755,お茶の水女子大学,national,関東,mext
u-mext-F113110102764,F113110102764,東京学芸大学,national,関東,mext
u-mext-F113110102773,F113110102773,東京農工大学,national,関東,mext
u-mext-F113110102782,F113110102782,電気通信大学,national,関東,mext
u-mext-F113110102791,F113110102791,一橋大学,national,関東,mext
u-mext-F113110102808,F113110102808,政策研究大学院大学,national,関東,mext
u-mext-F113110102817,F113110102817,東京海洋大学,national,関東,mext
u-mext-F113110112030,F113110112030,東京科学大学,national,関東,mext
u-mext-F113210102824,F113210102824,東京都立大学,public,関東,mext
u-mext-F113210102833,F113210102833,東京都立産業技術大学院大学,public,関東,mext
u-mext-F113310102859,F113310102859,跡見学園女子大学,private,関東,mext
u-mext-F113310102877,F113310102877,文京学院大学,private,関東,mext
u-mext-F113310102886,F113310102886,目白大学,private,関東,mext
u-mext-F113310102895,F113310102895,東京成徳大学,private,関東,mext
u-mext-F113310102902,F113310102902,東洋学園大学,private,関東,mext
u-mext-F113310102911,F113310102911,帝京平成大学,private,関東,mext
u-mext-F113310102920,F113310102920,青山学院大学,private,関東,mext
u-mext-F113310102939,F113310102939,上野学園大学,private,関東,mext
u-mext-F113310102948,F113310102948,大妻女子大学,private,関東,mext
u-mext-F113310102957,F113310102957,学習院大学,private,関東,mext
u-mext-F113310102966,F113310102966,北里大学,private,関東,mext
u-mext-F113310102975,F113310102975,共立女子大学,private,関東,mext
u-mext-F113310102984,F113310102984,慶應義塾大学,private,関東,mext
u-mext-F113310102993,F113310102993,工学院大学,private,関東,mext
u-mext-F113310103000,F113310103000,國學院大學,private,関東,mext
u-mext-F113310103019,F113310103019,国士舘大学,private,関東,mext
u-mext-F113310103028,F113310103028,駒澤大学,private,関東,mext
u-mext-F113310103037,F113310103037,実践女子大学,private,関東,mext
u-mext-F113310103046,F113310103046,芝浦工業大学,private,関東,mext
u-mext-F113310103055,F113310103055,順天堂大学,private,関東,mext
u-mext-F113310103064,F113310103064,上智大学,private,関東,mext
u-mext-F113310103073,F113310103073,昭和大学,private,関東,mext
u-mext-F113310103082,F113310103082,昭和女子大学,private,関東,mext
u-mext-F113310103091,F113310103091,昭和薬科大学,private,関東,mext
u-mext-F113310103108,F113310103108,女子美術大学,private,関東,mext
u-mext-F113310103117,F113310103117,杉野服飾大学,private,関東,mext
u-mext-F113310103126,F113310103126,成城大学,private,関東,mext
u-mext-F113310103135,F113310103135,聖心女子大学,private,関東,mext
u-mext-F113310103144,F113310103144,清泉女子大学,private,関東,mext
u-mext-F113310103153,F113310103153,聖路加国際大学,private,関東,mext
u-mext-F113310103162,F113310103162,専修大学,private,関東,mext
u-mext-F113310103171,F113310103171,大正大学,private,関東,mext
u-mext-F113310103180,F113310103180,大東文化大学,private,関東,mext
u-mext-F113310103199,F113310103199,高千穂大学,private,関東,mext
u-mext-F113310103206,F113310103206,拓殖大学,private,関東,mext
u-mext-F113310103215,F113310103215,多摩美術大学,private,関東,mext
u-mext-F113310103224,F113310103224,中央大学,private,関東,mext
u-mext-F113310103233,F113310103233,東海大学,private,関東,mext
u-mext-F113310103242,F113310103242,東京医科大学,private,関東,mext
u-mext-F113310103251,F113310103251,東京家政大学,private,関東,mext
u-mext-F113310103260,F113310103260,東京家政学院大学,private,関東,mext
u-mext-F113310103279,F113310103279,東京歯科大学,private,関東,mext
u-mext-F113310103288,F113310103288,東京慈恵会医科大学,private,関東,mext
u-mext-F113310103297,F113310103297,東京女子大学,private,関東,mext
u-mext-F113310103304,F113310103304,東京女子医科大学,private,関東,mext
u-mext-F113310103313,F113310103313,東京電機大学,private,関東,mext
u-mext-F113310103322,F113310103322,東京農業大学,private,関東,mext
u-mext-F113310103331,F113310103331,東京薬科大学,private,関東,mext
u-mext-F113310103340,F113310103340,東京理科大学,private,関東,mext
u-mext-F113310103359,F113310103359,東邦大学,private,関東,mext
u-mext-F113310103368,F113310103368,東洋大学,private,関東,mext
u-mext-F113310103377,F113310103377,東京音楽大学,private,関東,mext
u-mext-F113310103386,F113310103386,二松学舎大学,private,関東,mext
u-mext-F113310103395,F113310103395,日本大学,private,関東,mext
u-mext-F113310103402,F113310103402,日本医科大学,private,関東,mext
u-mext-F113310103411,F113310103411,日本歯科大学,private,関東,mext
u-mext-F113310103420,F113310103420,日本社会事業大学,private,関東,mext
u-mext-F113310103439,F113310103439,日本女子大学,private,関東,mext
u-mext-F113310103448,F113310103448,日本女子体育大学,private,関東,mext
u-mext-F113310103457,F113310103457,日本体育大学,private,関東,mext
u-mext-F113310103466,F113310103466,ルーテル学院大学,private,関東,mext
u-mext-F113310103475,F113310103475,文化学園大学,private,関東,mext
u-mext-F113310103484,F113310103484,法政大学,private,関東,mext
u-mext-F113310103493,F113310103493,星薬科大学,private,関東,mext
u-mext-F113310103509,F113310103509,武蔵大学,private,関東,mext
u-mext-F113310103518,F113310103518,東京都市大学,private,関東,mext
u-mext-F113310103527,F113310103527,武蔵野音楽大学,private,関東,mext
u-mext-F113310103536,F113310103536,明治大学,private,関東,mext
u-mext-F113310103545,F113310103545,明治学院大学,private,関東,mext
u-mext-F113310103554,F113310103554,明治薬科大学,private,関東,mext
u-mext-F113310103563,F113310103563,立教大学,private,関東,mext
u-mext-F113310103572,F113310103572,立正大学,private,関東,mext
u-mext-F113310103581,F113310103581,早稲田大学,private,関東,mext
u-mext-F113310103590,F113310103590,国際仏教学大学院大学,private,関東,mext
u-mext-F113310103607,F113310103607,学習院女子大学,private,関東,mext
u-mext-F113310103616,F113310103616,東京国際工科専門職大学,private,関東,mext
u-mext-F113310103625,F113310103625,東京保健医療専門職大学,private,関東,mext
u-mext-F113310103634,F113310103634,情報経営イノベーション専門職大学,private,関東,mext
u-mext-F113310103643,F113310103643,大学院大学至善館,private,関東,mext
u-mext-F113310103652,F113310103652,東京通信大学,private,関東,mext
u-mext-F113310103661,F113310103661,国際ファッション専門職大学,private,関東,mext
u-mext-F113310103670,F113310103670,駒沢女子大学,private,関東,mext
u-mext-F113310103689,F113310103689,亜細亜大学,private,関東,mext
u-mext-F113310103698,F113310103698,桜美林大学,private,関東,mext
u-mext-F113310103705,F113310103705,国立音楽大学,private,関東,mext
u-mext-F113310103714,F113310103714,国際基督教大学,private,関東,mext
u-mext-F113310103723,F113310103723,白百合女子大学,private,関東,mext
u-mext-F113310103732,F113310103732,成蹊大学,private,関東,mext
u-mext-F113310103741,F113310103741,玉川大学,private,関東,mext
u-mext-F113310103750,F113310103750,津田塾大学,private,関東,mext
u-mext-F113310103769,F113310103769,帝京大学,private,関東,mext
u-mext-F113310103778,F113310103778,東京経済大学,private,関東,mext
u-mext-F113310103787,F113310103787,東京女子体育大学,private,関東,mext
u-mext-F113310103796,F113310103796,東京神学大学,private,関東,mext
u-mext-F113310103803,F113310103803,東京造形大学,private,関東,mext
u-mext-F113310103812,F113310103812,桐朋学園大学,private,関東,mext
u-mext-F113310103821,F113310103821,日本獣医生命科学大学,private,関東,mext
u-mext-F113310103830,F113310103830,武蔵野大学,private,関東,mext
u-mext-F113310103849,F113310103849,武蔵野美術大学,private,関東,mext
u-mext-F113310103858,F113310103858,明星大学,private,関東,mext
u-mext-F113310103867,F113310103867,和光大学,private,関東,mext
u-mext-F113310103876,F113310103876,杏林大学,private,関東,mext
u-mext-F113310103885,F113310103885,創価大学,private,関東,mext
u-mext-F113310103894,F113310103894,日本文化大学,private,関東,mext
u-mext-F113310103901,F113310103901,東京工科大学,private,関東,mext
u-mext-F113310103910,F113310103910,日本赤十字看護大学,private,関東,mext
u-mext-F113310103929,F113310103929,恵泉女学園大学,private,関東,mext
u-mext-F113310103938,F113310103938,多摩大学,private,関東,mext
u-mext-F113310103947,F113310103947,東京純心大学,private,関東,mext
u-mext-F113310103956,F113310103956,嘉悦大学,private,関東,mext
u-mext-F113310103965,F113310103965,東京富士大学,private,関東,mext
u-mext-F113310103974,F113310103974,ＬＥＣ東京リーガルマインド大学院大学,private,関東,mext
u-mext-F113310103983,F113310103983,デジタルハリウッド大学,private,関東,mext
u-mext-F113310103992,F113310103992,白梅学園大学,private,関東,mext
u-mext-F113310104009,F113310104009,東京医療保健大学,private,関東,mext
u-mext-F113310104018,F113310104018,東京聖栄大学,private,関東,mext
u-mext-F113310104027,F113310104027,ビジネス・ブレークスルー大学,private,関東,mext
u-mext-F113310104036,F113310104036,グロービス経営大学院大学,private,関東,mext
u-mext-F113310104045,F113310104045,文化ファッション大学院大学,private,関東,mext
u-mext-F113310104054,F113310104054,大原大学院大学,private,関東,mext
u-mext-F113310104063,F113310104063,東京未来大学,private,関東,mext
u-mext-F113310104072,F113310104072,ハリウッド大学院大学,private,関東,mext
u-mext-F113310104081,F113310104081,ＳＢＩ大学院大学,private,関東,mext
u-mext-F113310104090,F113310104090,こども教育宝仙大学,private,関東,mext
u-mext-F113310104107,F113310104107,東京有明医療大学,private,関東,mext
u-mext-F113310104116,F113310104116,東京工芸大学,private,関東,mext
u-mext-F113310104125,F113310104125,産業能率大学,private,関東,mext
u-mext-F113310104134,F113310104134,ヤマザキ動物看護大学,private,関東,mext
u-mext-F113310104143,F113310104143,東京医療学院大学,private,関東,mext
u-mext-F113310104152,F113310104152,事業構想大学院大学,private,関東,mext
u-mext-F113310104161,F113310104161,社会構想大学院大学,private,関東,mext
u-mext-F113310104170,F113310104170,帝京科学大学,private,関東,mext
u-mext-F113310104189,F113310104189,東京情報デザイン専門職大学,private,関東,mext
u-mext-F113310104198,F113310104198,東京国際大学,private,関東,mext
u-mext-F113310112027,F113310112027,東京経営大学,private,関東,mext
u-mext-F114110104592,F114110104592,横浜国立大学,national,関東,mext
u-mext-F114110104609,F114110104609,総合研究大学院大学,national,関東,mext
u-mext-F114210104616,F114210104616,横浜市立大学,public,関東,mext
u-mext-F114210104625,F114210104625,神奈川県立保健福祉大学,public,関東,mext
u-mext-F114210111993,F114210111993,川崎市立看護大学,public,関東,mext
u-mext-F114310104632,F114310104632,星槎大学,private,関東,mext
u-mext-F114310104641,F114310104641,神奈川大学,private,関東,mext
u-mext-F114310104650,F114310104650,関東学院大学,private,関東,mext
u-mext-F114310104669,F114310104669,鶴見大学,private,関東,mext
u-mext-F114310104678,F114310104678,フェリス女学院大学,private,関東,mext
u-mext-F114310104687,F114310104687,横浜商科大学,private,関東,mext
u-mext-F114310104696,F114310104696,八洲学園大学,private,関東,mext
u-mext-F114310104703,F114310104703,情報セキュリティ大学院大学,private,関東,mext
u-mext-F114310104712,F114310104712,横浜薬科大学,private,関東,mext
u-mext-F114310104721,F114310104721,麻布大学,private,関東,mext
u-mext-F114310104730,F114310104730,神奈川歯科大学,private,関東,mext
u-mext-F114310104749,F114310104749,鎌倉女子大学,private,関東,mext
u-mext-F114310104758,F114310104758,湘南工科大学,private,関東,mext
u-mext-F114310104767,F114310104767,相模女子大学,private,関東,mext
u-mext-F114310104776,F114310104776,洗足学園音楽大学,private,関東,mext
u-mext-F114310104785,F114310104785,聖マリアンナ医科大学,private,関東,mext
u-mext-F114310104794,F114310104794,神奈川工科大学,private,関東,mext
u-mext-F114310104801,F114310104801,昭和音楽大学,private,関東,mext
u-mext-F114310104810,F114310104810,桐蔭横浜大学,private,関東,mext
u-mext-F114310104829,F114310104829,東洋英和女学院大学,private,関東,mext
u-mext-F114310104838,F114310104838,松蔭大学,private,関東,mext
u-mext-F114310104847,F114310104847,田園調布学園大学,private,関東,mext
u-mext-F114310104856,F114310104856,横浜美術大学,private,関東,mext
u-mext-F114310104865,F114310104865,日本映画大学,private,関東,mext
u-mext-F114310104874,F114310104874,横浜創英大学,private,関東,mext
u-mext-F114310104883,F114310104883,湘南医療大学,private,関東,mext
u-mext-F114310104892,F114310104892,湘南鎌倉医療大学　,private,関東,mext
u-mext-F114310104909,F114310104909,ビューティ＆ウェルネス専門職大学,private,関東,mext
u-mext-F114310104918,F114310104918,グローバルＢｉｚ専門職大学,private,関東,mext
u-mext-F114310112053,F114310112053,ＺＥＮ大学,private,関東,mext
u-mext-F115110105046,F115110105046,新潟大学,national,中部,mext
u-mext-F115110105055,F115110105055,長岡技術科学大学,national,中部,mext
u-mext-F115110105064,F115110105064,上越教育大学,national,中部,mext
u-mext-F115210105071,F115210105071,新潟県立看護大学,public,中部,mext
u-mext-F115210105080,F115210105080,新潟県立大学,public,中部,mext
u-mext-F115210105099,F115210105099,長岡造形大学,public,中部,mext
u-mext-F115210111849,F115210111849,三条市立大学,public,中部,mext
u-mext-F115310105104,F115310105104,長岡大学,private,中部,mext
u-mext-F115310105113,F115310105113,新潟医療福祉大学,private,中部,mext
u-mext-F115310105122,F115310105122,新潟青陵大学,private,中部,mext
u-mext-F115310105131,F115310105131,新潟工科大学,private,中部,mext
u-mext-F115310105140,F115310105140,新潟経営大学,private,中部,mext
u-mext-F115310105159,F115310105159,新潟国際情報大学,private,中部,mext
u-mext-F115310105168,F115310105168,敬和学園大学,private,中部,mext
u-mext-F115310105177,F115310105177,新潟薬科大学,private,中部,mext
u-mext-F115310105186,F115310105186,国際大学,private,中部,mext
u-mext-F115310105195,F115310105195,新潟産業大学,private,中部,mext
u-mext-F115310105202,F115310105202,事業創造大学院大学,private,中部,mext
u-mext-F115310105211,F115310105211,新潟リハビリテーション大学,private,中部,mext
u-mext-F115310105220,F115310105220,新潟食料農業大学,private,中部,mext
u-mext-F115310105239,F115310105239,開志専門職大学　,private,中部,mext
u-mext-F115310105248,F115310105248,長岡崇徳大学,private,中部,mext
u-mext-F116110105312,F116110105312,富山大学,national,中部,mext
u-mext-F116210105329,F116210105329,富山県立大学,public,中部,mext
u-mext-F116310105336,F116310105336,高岡法科大学,private,中部,mext
u-mext-F116310105345,F116310105345,富山国際大学,private,中部,mext
u-mext-F116310105354,F116310105354,桐朋学園大学院大学,private,中部,mext
u-mext-F117110105393,F117110105393,金沢大学,national,中部,mext
u-mext-F117110105400,F117110105400,北陸先端科学技術大学院大学,national,中部,mext
u-mext-F117210105417,F117210105417,公立小松大学,public,中部,mext
u-mext-F117210105426,F117210105426,石川県立大学,public,中部,mext
u-mext-F117210105435,F117210105435,金沢美術工芸大学,public,中部,mext
u-mext-F117210105444,F117210105444,石川県立看護大学,public,中部,mext
u-mext-F117310105451,F117310105451,金沢星稜大学,private,中部,mext
u-mext-F117310105460,F117310105460,金沢工業大学,private,中部,mext
u-mext-F117310105479,F117310105479,金沢医科大学,private,中部,mext
u-mext-F117310105488,F117310105488,北陸大学,private,中部,mext
u-mext-F117310105497,F117310105497,金沢学院大学,private,中部,mext
u-mext-F117310105503,F117310105503,金城大学,private,中部,mext
u-mext-F117310105512,F117310105512,北陸学院大学,private,中部,mext
u-mext-F117310111854,F117310111854,かなざわ食マネジメント専門職大学,private,中部,mext
u-mext-F118110105597,F118110105597,福井大学,national,中部,mext
u-mext-F118210105602,F118210105602,福井県立大学,public,中部,mext
u-mext-F118210105611,F118210105611,敦賀市立看護大学,public,中部,mext
u-mext-F118310105628,F118310105628,福井工業大学,private,中部,mext
u-mext-F118310105637,F118310105637,仁愛大学,private,中部,mext
u-mext-F118310105646,F118310105646,福井医療大学,private,中部,mext
u-mext-F119110105676,F119110105676,山梨大学,national,中部,mext
u-mext-F119210105683,F119210105683,都留文科大学,public,中部,mext
u-mext-F119210105692,F119210105692,山梨県立大学,public,中部,mext
u-mext-F119310105707,F119310105707,山梨学院大学,private,中部,mext
u-mext-F119310105716,F119310105716,身延山大学,private,中部,mext
u-mext-F119310105725,F119310105725,山梨英和大学,private,中部,mext
u-mext-F119310105734,F119310105734,健康科学大学,private,中部,mext
u-mext-F120110105771,F120110105771,信州大学,national,中部,mext
u-mext-F120210105788,F120210105788,公立諏訪東京理科大学,public,中部,mext
u-mext-F120210105797,F120210105797,長野県立大学,public,中部,mext
u-mext-F120210105804,F120210105804,長野県看護大学,public,中部,mext
u-mext-F120210105813,F120210105813,長野大学,public,中部,mext
u-mext-F120310105820,F120310105820,松本歯科大学,private,中部,mext
u-mext-F120310105839,F120310105839,松本大学,private,中部,mext
u-mext-F120310105848,F120310105848,清泉大学,private,中部,mext
u-mext-F120310105857,F120310105857,佐久大学,private,中部,mext
u-mext-F120310105866,F120310105866,長野保健医療大学,private,中部,mext
u-mext-F120310111868,F120310111868,松本看護大学,private,中部,mext
u-mext-F121110105976,F121110105976,岐阜大学,national,中部,mext
u-mext-F121210105983,F121210105983,岐阜薬科大学,public,中部,mext
u-mext-F121210105992,F121210105992,岐阜県立看護大学,public,中部,mext
u-mext-F121210106009,F121210106009,情報科学芸術大学院大学,public,中部,mext
u-mext-F121310106016,F121310106016,中京学院大学,private,中部,mext
u-mext-F121310106025,F121310106025,岐阜協立大学,private,中部,mext
u-mext-F121310106034,F121310106034,岐阜女子大学,private,中部,mext
u-mext-F121310106043,F121310106043,朝日大学,private,中部,mext
u-mext-F121310106052,F121310106052,岐阜聖徳学園大学,private,中部,mext
u-mext-F121310106061,F121310106061,東海学院大学,private,中部,mext
u-mext-F121310106070,F121310106070,中部学院大学,private,中部,mext
u-mext-F121310106089,F121310106089,岐阜医療科学大学,private,中部,mext
u-mext-F121310106098,F121310106098,岐阜保健大学,private,中部,mext
u-mext-F122110106224,F122110106224,静岡大学,national,中部,mext
u-mext-F122110106233,F122110106233,浜松医科大学,national,中部,mext
u-mext-F122210106240,F122210106240,静岡県立農林環境専門職大学,public,中部,mext
u-mext-F122210106259,F122210106259,静岡県立大学,public,中部,mext
u-mext-F122210106268,F122210106268,静岡文化芸術大学,public,中部,mext
u-mext-F122210111877,F122210111877,静岡社会健康医学大学院大学,public,中部,mext
u-mext-F122310106275,F122310106275,光産業創成大学院大学,private,中部,mext
u-mext-F122310106284,F122310106284,静岡福祉大学,private,中部,mext
u-mext-F122310106293,F122310106293,浜松学院大学,private,中部,mext
u-mext-F122310106300,F122310106300,静岡英和学院大学,private,中部,mext
u-mext-F122310106319,F122310106319,常葉大学,private,中部,mext
u-mext-F122310106328,F122310106328,静岡理工科大学,private,中部,mext
u-mext-F122310106337,F122310106337,聖隷クリストファー大学,private,中部,mext
u-mext-F122310106346,F122310106346,静岡産業大学,private,中部,mext
u-mext-F123110106429,F123110106429,名古屋大学,national,中部,mext
u-mext-F123110106438,F123110106438,名古屋工業大学,national,中部,mext
u-mext-F123110106447,F123110106447,愛知教育大学,national,中部,mext
u-mext-F123110106456,F123110106456,豊橋技術科学大学,national,中部,mext
u-mext-F123210106463,F123210106463,名古屋市立大学,public,中部,mext
u-mext-F123210106472,F123210106472,愛知県立芸術大学,public,中部,mext
u-mext-F123210106481,F123210106481,愛知県立大学,public,中部,mext
u-mext-F123310106498,F123310106498,愛知工科大学,private,中部,mext
u-mext-F123310106504,F123310106504,名古屋産業大学,private,中部,mext
u-mext-F123310106513,F123310106513,人間環境大学,private,中部,mext
u-mext-F123310106522,F123310106522,名古屋文理大学,private,中部,mext
u-mext-F123310106531,F123310106531,愛知みずほ大学,private,中部,mext
u-mext-F123310106540,F123310106540,愛知学院大学,private,中部,mext
u-mext-F123310106559,F123310106559,愛知工業大学,private,中部,mext
u-mext-F123310106568,F123310106568,金城学院大学,private,中部,mext
u-mext-F123310106577,F123310106577,椙山女学園大学,private,中部,mext
u-mext-F123310106586,F123310106586,大同大学,private,中部,mext
u-mext-F123310106595,F123310106595,中京大学,private,中部,mext
u-mext-F123310106602,F123310106602,同朋大学,private,中部,mext
u-mext-F123310106611,F123310106611,名古屋学院大学,private,中部,mext
u-mext-F123310106620,F123310106620,名古屋商科大学,private,中部,mext
u-mext-F123310106639,F123310106639,名古屋葵大学,private,中部,mext
u-mext-F123310106648,F123310106648,南山大学,private,中部,mext
u-mext-F123310106657,F123310106657,日本福祉大学,private,中部,mext
u-mext-F123310106666,F123310106666,名城大学,private,中部,mext
u-mext-F123310106675,F123310106675,名古屋音楽大学,private,中部,mext
u-mext-F123310106684,F123310106684,豊田工業大学,private,中部,mext
u-mext-F123310106693,F123310106693,名古屋外国語大学,private,中部,mext
u-mext-F123310106700,F123310106700,名古屋造形大学,private,中部,mext
u-mext-F123310106719,F123310106719,愛知産業大学,private,中部,mext
u-mext-F123310106728,F123310106728,東海学園大学,private,中部,mext
u-mext-F123310106737,F123310106737,豊橋創造大学,private,中部,mext
u-mext-F123310106746,F123310106746,愛知東邦大学,private,中部,mext
u-mext-F123310106755,F123310106755,星城大学,private,中部,mext
u-mext-F123310106764,F123310106764,愛知文教大学,private,中部,mext
u-mext-F123310106773,F123310106773,桜花学園大学,private,中部,mext
u-mext-F123310106782,F123310106782,愛知大学,private,中部,mext
u-mext-F123310106791,F123310106791,愛知学泉大学,private,中部,mext
u-mext-F123310106808,F123310106808,至学館大学,private,中部,mext
u-mext-F123310106817,F123310106817,中部大学,private,中部,mext
u-mext-F123310106826,F123310106826,藤田医科大学,private,中部,mext
u-mext-F123310106835,F123310106835,名古屋芸術大学,private,中部,mext
u-mext-F123310106844,F123310106844,愛知医科大学,private,中部,mext
u-mext-F123310106853,F123310106853,愛知淑徳大学,private,中部,mext
u-mext-F123310106862,F123310106862,名古屋経済大学,private,中部,mext
u-mext-F123310106871,F123310106871,名古屋学芸大学,private,中部,mext
u-mext-F123310106880,F123310106880,日本赤十字豊田看護大学,private,中部,mext
u-mext-F123310106899,F123310106899,修文大学,private,中部,mext
u-mext-F123310106906,F123310106906,岡崎女子大学,private,中部,mext
u-mext-F123310106915,F123310106915,一宮研伸大学,private,中部,mext
u-mext-F123310106924,F123310106924,名古屋柳城女子大学　,private,中部,mext
u-mext-F123310111883,F123310111883,名古屋国際工科専門職大学,private,中部,mext
u-mext-F123310112016,F123310112016,愛知医療学院大学,private,中部,mext
u-mext-F124110107141,F124110107141,三重大学,national,関西,mext
u-mext-F124210107158,F124210107158,三重県立看護大学,public,関西,mext
u-mext-F124310107165,F124310107165,四日市大学,private,関西,mext
u-mext-F124310107174,F124310107174,皇學館大学,private,関西,mext
u-mext-F124310107183,F124310107183,鈴鹿医療科学大学,private,関西,mext
u-mext-F124310107192,F124310107192,鈴鹿大学,private,関西,mext
u-mext-F124310107209,F124310107209,四日市看護医療大学,private,関西,mext
u-mext-F125110107284,F125110107284,滋賀大学,national,関西,mext
u-mext-F125110107293,F125110107293,滋賀医科大学,national,関西,mext
u-mext-F125210107308,F125210107308,滋賀県立大学,public,関西,mext
u-mext-F125310107315,F125310107315,成安造形大学,private,関西,mext
u-mext-F125310107324,F125310107324,聖泉大学,private,関西,mext
u-mext-F125310107333,F125310107333,長浜バイオ大学,private,関西,mext
u-mext-F125310107342,F125310107342,びわこ成蹊スポーツ大学,private,関西,mext
u-mext-F125310107351,F125310107351,びわこ学院大学,private,関西,mext
u-mext-F125310107360,F125310107360,びわこリハビリテーション専門職大学　,private,関西,mext
u-mext-F126110107407,F126110107407,京都大学,national,関西,mext
u-mext-F126110107416,F126110107416,京都教育大学,national,関西,mext
u-mext-F126110107425,F126110107425,京都工芸繊維大学,national,関西,mext
u-mext-F126210107432,F126210107432,京都市立芸術大学,public,関西,mext
u-mext-F126210107441,F126210107441,京都府立大学,public,関西,mext
u-mext-F126210107450,F126210107450,京都府立医科大学,public,関西,mext
u-mext-F126210107469,F126210107469,福知山公立大学,public,関西,mext
u-mext-F126310107476,F126310107476,平安女学院大学,private,関西,mext
u-mext-F126310107485,F126310107485,大谷大学,private,関西,mext
u-mext-F126310107494,F126310107494,京都外国語大学,private,関西,mext
u-mext-F126310107500,F126310107500,京都産業大学,private,関西,mext
u-mext-F126310107519,F126310107519,京都女子大学,private,関西,mext
u-mext-F126310107528,F126310107528,京都薬科大学,private,関西,mext
u-mext-F126310107537,F126310107537,京都光華女子大学,private,関西,mext
u-mext-F126310107546,F126310107546,種智院大学,private,関西,mext
u-mext-F126310107555,F126310107555,京都橘大学,private,関西,mext
u-mext-F126310107564,F126310107564,同志社大学,private,関西,mext
u-mext-F126310107573,F126310107573,同志社女子大学,private,関西,mext
u-mext-F126310107582,F126310107582,京都ノートルダム女子大学,private,関西,mext
u-mext-F126310107591,F126310107591,花園大学,private,関西,mext
u-mext-F126310107608,F126310107608,佛教大学,private,関西,mext
u-mext-F126310107617,F126310107617,立命館大学,private,関西,mext
u-mext-F126310107626,F126310107626,龍谷大学,private,関西,mext
u-mext-F126310107635,F126310107635,京都先端科学大学,private,関西,mext
u-mext-F126310107644,F126310107644,京都精華大学,private,関西,mext
u-mext-F126310107653,F126310107653,明治国際医療大学,private,関西,mext
u-mext-F126310107662,F126310107662,京都芸術大学,private,関西,mext
u-mext-F126310107671,F126310107671,京都文教大学,private,関西,mext
u-mext-F126310107680,F126310107680,嵯峨美術大学,private,関西,mext
u-mext-F126310107699,F126310107699,京都情報大学院大学,private,関西,mext
u-mext-F126310107706,F126310107706,京都医療科学大学,private,関西,mext
u-mext-F126310107715,F126310107715,京都華頂大学,private,関西,mext
u-mext-F126310107724,F126310107724,京都美術工芸大学,private,関西,mext
u-mext-F126310107733,F126310107733,京都看護大学,private,関西,mext
u-mext-F127110107852,F127110107852,大阪大学,national,関西,mext
u-mext-F127110107861,F127110107861,大阪教育大学,national,関西,mext
u-mext-F127210107878,F127210107878,大阪市立大学,public,関西,mext
u-mext-F127210107887,F127210107887,大阪府立大学,public,関西,mext
u-mext-F127210111989,F127210111989,大阪公立大学,public,関西,mext
u-mext-F127310107894,F127310107894,大阪経済大学,private,関西,mext
u-mext-F127310107901,F127310107901,大阪工業大学,private,関西,mext
u-mext-F127310107910,F127310107910,大阪歯科大学,private,関西,mext
u-mext-F127310107929,F127310107929,相愛大学,private,関西,mext
u-mext-F127310107938,F127310107938,桃山学院大学,private,関西,mext
u-mext-F127310107947,F127310107947,摂南大学,private,関西,mext
u-mext-F127310107956,F127310107956,桃山学院教育大学,private,関西,mext
u-mext-F127310107965,F127310107965,大阪医科薬科大学,private,関西,mext
u-mext-F127310107974,F127310107974,大阪音楽大学,private,関西,mext
u-mext-F127310107983,F127310107983,大阪学院大学,private,関西,mext
u-mext-F127310107992,F127310107992,大阪芸術大学,private,関西,mext
u-mext-F127310108009,F127310108009,大阪産業大学,private,関西,mext
u-mext-F127310108018,F127310108018,大阪樟蔭女子大学,private,関西,mext
u-mext-F127310108027,F127310108027,大阪商業大学,private,関西,mext
u-mext-F127310108036,F127310108036,大阪体育大学,private,関西,mext
u-mext-F127310108045,F127310108045,大阪電気通信大学,private,関西,mext
u-mext-F127310108063,F127310108063,大阪大谷大学,private,関西,mext
u-mext-F127310108072,F127310108072,追手門学院大学,private,関西,mext
u-mext-F127310108081,F127310108081,関西大学,private,関西,mext
u-mext-F127310108090,F127310108090,関西医科大学,private,関西,mext
u-mext-F127310108107,F127310108107,関西外国語大学,private,関西,mext
u-mext-F127310108116,F127310108116,近畿大学,private,関西,mext
u-mext-F127310108125,F127310108125,四天王寺大学,private,関西,mext
u-mext-F127310108134,F127310108134,帝塚山学院大学,private,関西,mext
u-mext-F127310108143,F127310108143,梅花女子大学,private,関西,mext
u-mext-F127310108152,F127310108152,阪南大学,private,関西,mext
u-mext-F127310108161,F127310108161,大阪経済法科大学,private,関西,mext
u-mext-F127310108170,F127310108170,大阪国際大学,private,関西,mext
u-mext-F127310108189,F127310108189,関西福祉科学大学,private,関西,mext
u-mext-F127310108198,F127310108198,太成学院大学,private,関西,mext
u-mext-F127310108205,F127310108205,大阪常磐会大学,private,関西,mext
u-mext-F127310108214,F127310108214,大阪観光大学,private,関西,mext
u-mext-F127310108223,F127310108223,大阪人間科学大学,private,関西,mext
u-mext-F127310108232,F127310108232,羽衣国際大学,private,関西,mext
u-mext-F127310108241,F127310108241,大阪成蹊大学,private,関西,mext
u-mext-F127310108250,F127310108250,関西医療大学,private,関西,mext
u-mext-F127310108269,F127310108269,千里金蘭大学,private,関西,mext
u-mext-F127310108278,F127310108278,東大阪大学,private,関西,mext
u-mext-F127310108287,F127310108287,大阪女学院大学,private,関西,mext
u-mext-F127310108296,F127310108296,藍野大学,private,関西,mext
u-mext-F127310108303,F127310108303,大阪青山大学,private,関西,mext
u-mext-F127310108312,F127310108312,四條畷学園大学,private,関西,mext
u-mext-F127310108321,F127310108321,大阪河﨑リハビリテーション大学,private,関西,mext
u-mext-F127310108330,F127310108330,大阪総合保育大学,private,関西,mext
u-mext-F127310108349,F127310108349,森ノ宮医療大学,private,関西,mext
u-mext-F127310108358,F127310108358,大阪保健医療大学,private,関西,mext
u-mext-F127310108367,F127310108367,大阪物療大学,private,関西,mext
u-mext-F127310108376,F127310108376,滋慶医療科学大学,private,関西,mext
u-mext-F127310108385,F127310108385,大阪行岡医療大学,private,関西,mext
u-mext-F127310108394,F127310108394,大和大学,private,関西,mext
u-mext-F127310108900,F127310108900,宝塚大学,private,関西,mext
u-mext-F127310111898,F127310111898,大阪国際工科専門職大学,private,関西,mext
u-mext-F127310111950,F127310111950,大阪信愛学院大学,private,関西,mext
u-mext-F128110108654,F128110108654,神戸大学,national,関西,mext
u-mext-F128110108663,F128110108663,兵庫教育大学,national,関西,mext
u-mext-F128210108670,F128210108670,神戸市外国語大学,public,関西,mext
u-mext-F128210108689,F128210108689,神戸市看護大学,public,関西,mext
u-mext-F128210108698,F128210108698,兵庫県立大学,public,関西,mext
u-mext-F128210111906,F128210111906,芸術文化観光専門職大学,public,関西,mext
u-mext-F128310108703,F128310108703,甲南大学,private,関西,mext
u-mext-F128310108712,F128310108712,甲南女子大学,private,関西,mext
u-mext-F128310108721,F128310108721,神戸海星女子学院大学,private,関西,mext
u-mext-F128310108730,F128310108730,神戸学院大学,private,関西,mext
u-mext-F128310108749,F128310108749,神戸女子大学,private,関西,mext
u-mext-F128310108758,F128310108758,神戸薬科大学,private,関西,mext
u-mext-F128310108767,F128310108767,神戸松蔭大学,private,関西,mext
u-mext-F128310108776,F128310108776,神戸親和大学,private,関西,mext
u-mext-F128310108785,F128310108785,神戸国際大学,private,関西,mext
u-mext-F128310108794,F128310108794,兵庫大学,private,関西,mext
u-mext-F128310108801,F128310108801,神戸常盤大学,private,関西,mext
u-mext-F128310108810,F128310108810,宝塚医療大学,private,関西,mext
u-mext-F128310108829,F128310108829,芦屋大学,private,関西,mext
u-mext-F128310108838,F128310108838,大手前大学,private,関西,mext
u-mext-F128310108847,F128310108847,関西学院大学,private,関西,mext
u-mext-F128310108856,F128310108856,甲子園大学,private,関西,mext
u-mext-F128310108865,F128310108865,神戸女学院大学,private,関西,mext
u-mext-F128310108874,F128310108874,園田学園大学,private,関西,mext
u-mext-F128310108883,F128310108883,武庫川女子大学,private,関西,mext
u-mext-F128310108892,F128310108892,兵庫医科大学,private,関西,mext
u-mext-F128310108918,F128310108918,姫路獨協大学,private,関西,mext
u-mext-F128310108927,F128310108927,流通科学大学,private,関西,mext
u-mext-F128310108936,F128310108936,神戸芸術工科大学,private,関西,mext
u-mext-F128310108945,F128310108945,関西福祉大学,private,関西,mext
u-mext-F128310108954,F128310108954,関西国際大学,private,関西,mext
u-mext-F128310108963,F128310108963,神戸医療未来大学,private,関西,mext
u-mext-F128310108972,F128310108972,神戸情報大学院大学,private,関西,mext
u-mext-F128310108981,F128310108981,関西看護医療大学,private,関西,mext
u-mext-F128310109007,F128310109007,姫路大学,private,関西,mext
u-mext-F129110109206,F129110109206,奈良教育大学,national,関西,mext
u-mext-F129110109215,F129110109215,奈良女子大学,national,関西,mext
u-mext-F129110109224,F129110109224,奈良先端科学技術大学院大学,national,関西,mext
u-mext-F129210109231,F129210109231,奈良県立医科大学,public,関西,mext
u-mext-F129210109240,F129210109240,奈良県立大学,public,関西,mext
u-mext-F129310109257,F129310109257,帝塚山大学,private,関西,mext
u-mext-F129310109266,F129310109266,天理大学,private,関西,mext
u-mext-F129310109275,F129310109275,奈良大学,private,関西,mext
u-mext-F129310109284,F129310109284,奈良学園大学,private,関西,mext
u-mext-F129310109293,F129310109293,畿央大学,private,関西,mext
u-mext-F130110109356,F130110109356,和歌山大学,national,関西,mext
u-mext-F130210109363,F130210109363,和歌山県立医科大学,public,関西,mext
u-mext-F130310109370,F130310109370,高野山大学,private,関西,mext
u-mext-F130310109389,F130310109389,和歌山信愛大学,private,関西,mext
u-mext-F130310111919,F130310111919,和歌山リハビリテーション専門職大学,private,関西,mext
u-mext-F131110109417,F131110109417,鳥取大学,national,中国,mext
u-mext-F131210109424,F131210109424,公立鳥取環境大学,public,中国,mext
u-mext-F131310109431,F131310109431,鳥取看護大学,private,中国,mext
u-mext-F132110109461,F132110109461,島根大学,national,中国,mext
u-mext-F132210109478,F132210109478,島根県立大学,public,中国,mext
u-mext-F133110109503,F133110109503,岡山大学,national,中国,mext
u-mext-F133210109510,F133210109510,岡山県立大学,public,中国,mext
u-mext-F133210109529,F133210109529,新見公立大学,public,中国,mext
u-mext-F133310109536,F133310109536,吉備国際大学,private,中国,mext
u-mext-F133310109545,F133310109545,岡山商科大学,private,中国,mext
u-mext-F133310109554,F133310109554,岡山理科大学,private,中国,mext
u-mext-F133310109563,F133310109563,くらしき作陽大学,private,中国,mext
u-mext-F133310109572,F133310109572,ノートルダム清心女子大学,private,中国,mext
u-mext-F133310109581,F133310109581,川崎医科大学,private,中国,mext
u-mext-F133310109590,F133310109590,就実大学,private,中国,mext
u-mext-F133310109607,F133310109607,川崎医療福祉大学,private,中国,mext
u-mext-F133310109616,F133310109616,山陽学園大学,private,中国,mext
u-mext-F133310109625,F133310109625,倉敷芸術科学大学,private,中国,mext
u-mext-F133310109634,F133310109634,岡山学院大学,private,中国,mext
u-mext-F133310109643,F133310109643,中国学園大学,private,中国,mext
u-mext-F133310109652,F133310109652,環太平洋大学,private,中国,mext
u-mext-F133310109661,F133310109661,岡山医療専門職大学　,private,中国,mext
u-mext-F133310109670,F133310109670,美作大学,private,中国,mext
u-mext-F134110109780,F134110109780,広島大学,national,中国,mext
u-mext-F134210109797,F134210109797,県立広島大学,public,中国,mext
u-mext-F134210109804,F134210109804,尾道市立大学,public,中国,mext
u-mext-F134210109813,F134210109813,広島市立大学,public,中国,mext
u-mext-F134210109822,F134210109822,福山市立大学,public,中国,mext
u-mext-F134210111926,F134210111926,叡啓大学,public,中国,mext
u-mext-F134310109839,F134310109839,エリザベト音楽大学,private,中国,mext
u-mext-F134310109848,F134310109848,広島経済大学,private,中国,mext
u-mext-F134310109857,F134310109857,広島工業大学,private,中国,mext
u-mext-F134310109866,F134310109866,広島修道大学,private,中国,mext
u-mext-F134310109875,F134310109875,広島女学院大学,private,中国,mext
u-mext-F134310109893,F134310109893,広島文教大学,private,中国,mext
u-mext-F134310109900,F134310109900,安田女子大学,private,中国,mext
u-mext-F134310109919,F134310109919,福山大学,private,中国,mext
u-mext-F134310109928,F134310109928,比治山大学,private,中国,mext
u-mext-F134310109937,F134310109937,福山平成大学,private,中国,mext
u-mext-F134310109946,F134310109946,広島文化学園大学,private,中国,mext
u-mext-F134310109955,F134310109955,広島国際大学,private,中国,mext
u-mext-F134310109964,F134310109964,日本赤十字広島看護大学,private,中国,mext
u-mext-F134310109973,F134310109973,広島都市学園大学,private,中国,mext
u-mext-F135110110054,F135110110054,山口大学,national,中国,mext
u-mext-F135210110061,F135210110061,下関市立大学,public,中国,mext
u-mext-F135210110070,F135210110070,山口県立大学,public,中国,mext
u-mext-F135210110089,F135210110089,山陽小野田市立山口東京理科大学,public,中国,mext
u-mext-F135210111961,F135210111961,周南公立大学,public,中国,mext
u-mext-F135310110096,F135310110096,梅光学院大学,private,中国,mext
u-mext-F135310110112,F135310110112,東亜大学,private,中国,mext
u-mext-F135310110121,F135310110121,至誠館大学,private,中国,mext
u-mext-F135310110130,F135310110130,宇部フロンティア大学,private,中国,mext
u-mext-F135310110149,F135310110149,山口学芸大学,private,中国,mext
u-mext-F136110110231,F136110110231,徳島大学,national,四国,mext
u-mext-F136110110240,F136110110240,鳴門教育大学,national,四国,mext
u-mext-F136310110255,F136310110255,四国大学,private,四国,mext
u-mext-F136310110264,F136310110264,徳島文理大学,private,四国,mext
u-mext-F137110110310,F137110110310,香川大学,national,四国,mext
u-mext-F137210110327,F137210110327,香川県立保健医療大学,public,四国,mext
u-mext-F137310110334,F137310110334,四国学院大学,private,四国,mext
u-mext-F137310110343,F137310110343,高松大学,private,四国,mext
u-mext-F138110110382,F138110110382,愛媛大学,national,四国,mext
u-mext-F138210110399,F138210110399,愛媛県立医療技術大学,public,四国,mext
u-mext-F138310110404,F138310110404,松山大学,private,四国,mext
u-mext-F138310110413,F138310110413,聖カタリナ大学,private,四国,mext
u-mext-F138310110422,F138310110422,松山東雲女子大学,private,四国,mext
u-mext-F139110110504,F139110110504,高知大学,national,四国,mext
u-mext-F139210110511,F139210110511,高知県立大学,public,四国,mext
u-mext-F139210110520,F139210110520,高知工科大学,public,四国,mext
u-mext-F139310110537,F139310110537,高知リハビリテーション専門職大学,private,四国,mext
u-mext-F139310110546,F139310110546,高知学園大学,private,四国,mext
u-mext-F139310110556,F139310110556,高知健康科学大学,private,四国,mext
u-mext-F140110110574,F140110110574,九州工業大学,national,九州,mext
u-mext-F140110110583,F140110110583,福岡教育大学,national,九州,mext
u-mext-F140110110592,F140110110592,九州大学,national,九州,mext
u-mext-F140210110607,F140210110607,北九州市立大学,public,九州,mext
u-mext-F140210110616,F140210110616,九州歯科大学,public,九州,mext
u-mext-F140210110625,F140210110625,福岡女子大学,public,九州,mext
u-mext-F140210110634,F140210110634,福岡県立大学,public,九州,mext
u-mext-F140310110641,F140310110641,九州共立大学,private,九州,mext
u-mext-F140310110650,F140310110650,九州女子大学,private,九州,mext
u-mext-F140310110669,F140310110669,九州国際大学,private,九州,mext
u-mext-F140310110678,F140310110678,福岡歯科大学,private,九州,mext
u-mext-F140310110687,F140310110687,九州産業大学,private,九州,mext
u-mext-F140310110696,F140310110696,久留米大学,private,九州,mext
u-mext-F140310110703,F140310110703,西南学院大学,private,九州,mext
u-mext-F140310110712,F140310110712,第一薬科大学,private,九州,mext
u-mext-F140310110721,F140310110721,中村学園大学,private,九州,mext
u-mext-F140310110730,F140310110730,西日本工業大学,private,九州,mext
u-mext-F140310110749,F140310110749,福岡大学,private,九州,mext
u-mext-F140310110758,F140310110758,福岡工業大学,private,九州,mext
u-mext-F140310110767,F140310110767,日本経済大学,private,九州,mext
u-mext-F140310110776,F140310110776,久留米工業大学,private,九州,mext
u-mext-F140310110785,F140310110785,産業医科大学,private,九州,mext
u-mext-F140310110794,F140310110794,筑紫女学園大学,private,九州,mext
u-mext-F140310110801,F140310110801,福岡女学院大学,private,九州,mext
u-mext-F140310110810,F140310110810,西南女学院大学,private,九州,mext
u-mext-F140310110829,F140310110829,九州情報大学,private,九州,mext
u-mext-F140310110838,F140310110838,九州栄養福祉大学,private,九州,mext
u-mext-F140310110847,F140310110847,日本赤十字九州国際看護大学,private,九州,mext
u-mext-F140310110856,F140310110856,聖マリア学院大学,private,九州,mext
u-mext-F140310110865,F140310110865,サイバー大学,private,九州,mext
u-mext-F140310110874,F140310110874,福岡女学院看護大学,private,九州,mext
u-mext-F140310110892,F140310110892,純真学園大学,private,九州,mext
u-mext-F140310110909,F140310110909,福岡看護大学,private,九州,mext
u-mext-F140310110918,F140310110918,福岡国際医療福祉大学,private,九州,mext
u-mext-F140310112006,F140310112006,令和健康科学大学,private,九州,mext
u-mext-F141110111135,F141110111135,佐賀大学,national,九州,mext
u-mext-F141310111140,F141310111140,西九州大学,private,九州,mext
u-mext-F142110111189,F142110111189,長崎大学,national,九州,mext
u-mext-F142210111196,F142210111196,長崎県立大学,public,九州,mext
u-mext-F142310111201,F142310111201,長崎総合科学大学,private,九州,mext
u-mext-F142310111210,F142310111210,活水女子大学,private,九州,mext
u-mext-F142310111229,F142310111229,長崎純心大学,private,九州,mext
u-mext-F142310111238,F142310111238,長崎国際大学,private,九州,mext
u-mext-F142310111247,F142310111247,長崎外国語大学,private,九州,mext
u-mext-F142310111256,F142310111256,鎮西学院大学,private,九州,mext
u-mext-F143110111295,F143110111295,熊本大学,national,九州,mext
u-mext-F143210111300,F143210111300,熊本県立大学,public,九州,mext
u-mext-F143310111317,F143310111317,崇城大学,private,九州,mext
u-mext-F143310111326,F143310111326,熊本学園大学,private,九州,mext
u-mext-F143310111335,F143310111335,尚絅大学,private,九州,mext
u-mext-F143310111344,F143310111344,九州ルーテル学院大学,private,九州,mext
u-mext-F143310111353,F143310111353,九州看護福祉大学,private,九州,mext
u-mext-F143310111362,F143310111362,平成音楽大学,private,九州,mext
u-mext-F143310111371,F143310111371,熊本保健科学大学,private,九州,mext
u-mext-F144110111418,F144110111418,大分大学,national,九州,mext
u-mext-F144210111425,F144210111425,大分県立看護科学大学,public,九州,mext
u-mext-F144310111432,F144310111432,日本文理大学,private,九州,mext
u-mext-F144310111441,F144310111441,別府大学,private,九州,mext
u-mext-F144310111450,F144310111450,立命館アジア太平洋大学,private,九州,mext
u-mext-F145110111523,F145110111523,宮崎大学,national,九州,mext
u-mext-F145210111530,F145210111530,宮崎公立大学,public,九州,mext
u-mext-F145210111549,F145210111549,宮崎県立看護大学,public,九州,mext
u-mext-F145310111556,F145310111556,南九州大学,private,九州,mext
u-mext-F145310111565,F145310111565,宮崎産業経営大学,private,九州,mext
u-mext-F145310111574,F145310111574,宮崎国際大学,private,九州,mext
u-mext-F145310111583,F145310111583,九州医療科学大学,private,九州,mext
u-mext-F146110111620,F146110111620,鹿児島大学,national,九州,mext
u-mext-F146110111639,F146110111639,鹿屋体育大学,national,九州,mext
u-mext-F146310111644,F146310111644,鹿児島国際大学,private,九州,mext
u-mext-F146310111653,F146310111653,第一工科大学,private,九州,mext
u-mext-F146310111662,F146310111662,志學館大学,private,九州,mext
u-mext-F146310111671,F146310111671,鹿児島純心大学,private,九州,mext
u-mext-F147110111736,F147110111736,琉球大学,national,九州,mext
u-mext-F147210111743,F147210111743,名桜大学,public,九州,mext
u-mext-F147210111752,F147210111752,沖縄県立芸術大学,public,九州,mext
u-mext-F147210111761,F147210111761,沖縄県立看護大学,public,九州,mext
u-mext-F147310111778,F147310111778,沖縄科学技術大学院大学,private,九州,mext
u-mext-F147310111787,F147310111787,沖縄国際大学,private,九州,mext
u-mext-F147310111796,F147310111796,沖縄大学,private,九州,mext
u-mext-F147310111803,F147310111803,沖縄キリスト教学院大学,private,九州,mext